"File","Line","Match","Context"
"_TO_DELETE_MANUALLY\nexus\proof\audit_supreme\bible\modules\oracle.md","212","ANTHROPIC_API_KEY","apiKey: process.env.ANTHROPIC_API_KEY,"
"_TO_DELETE_MANUALLY\nexus\proof\audit_supreme\bible\modules\oracle.md","227","OPENAI_API_KEY","apiKey: process.env.OPENAI_API_KEY"
"_TO_DELETE_MANUALLY\nexus\proof\audit_supreme\bible\modules\oracle.md","242","ANTHROPIC_API_KEY","apiKey: process.env.ANTHROPIC_API_KEY,"
"_TO_DELETE_MANUALLY\OMEGA_MASTER_DOSSIER_v3.83.0\07_SESSION_SAVES\SESSION_SAVE_GENESIS_FORGE_2026-01-23.md","73","sk-ant-","**Clé API**: `sk-ant-api03-j_Lu8EaurWHHyJpYmYh19GQy...` (test OMEGA)"
"_TO_DELETE_MANUALLY\OMEGA_MASTER_DOSSIER_v3.83.0\07_SESSION_SAVES\SESSION_SAVE_GENESIS_FORGE_2026-01-23.md","77","CLAUDE_API_KEY","Add-Content -Path "".env.local"" -Value ""CLAUDE_API_KEY=..."""
"_TO_DELETE_MANUALLY\OMEGA_MASTER_DOSSIER_v3.83.0\07_SESSION_SAVES\SESSION_SAVE_GENESIS_FORGE_2026-01-23.md","202","GEMINI_API_KEY","Add-Content -Path "".env.local"" -Value ""GEMINI_API_KEY=..."""
"artefacts\NUMBERS_AUDIT.md","29","ghp_","| 0 | Secrets detected | patch_scan/PATCH4_AUDIT_LOG.md | `grep -rn ""AKIA\|sk-\|ghp_""` |"
"genesis-forge\nexus\proof\patch_20260123_224006\PATCH4_AUDIT_LOG.md","14","ghp_","| Secrets | `grep -rn ""AKIA\|sk-\|ghp_""` | **0** |"
"genesis-forge\nexus\proof\scan_20260123_222901\git\log_oneline_all.txt","7","CLAUDE_API_KEY","8f46279 fix(stats): accept CLAUDE_API_KEY and map to ANTHROPIC_API_KEY"
"genesis-forge\README.md","44","CLAUDE_API_KEY","CLAUDE_API_KEY=your-claude-api-key-here"
"genesis-forge\README.md","45","GEMINI_API_KEY","GEMINI_API_KEY=your-gemini-api-key-here"
"genesis-forge\README.md","182","CLAUDE_API_KEY","// Uses CLAUDE_API_KEY from environment"
"genesis-forge\README.md","191","GEMINI_API_KEY","// Uses GEMINI_API_KEY from environment"
"genesis-forge\src\genesis\config\defaults.ts","256","CLAUDE_API_KEY","const apiKey = process.env.CLAUDE_API_KEY ?? process.env.ANTHROPIC_API_KEY;"
"genesis-forge\src\genesis\engines\provider_claude.ts","130","CLAUDE_API_KEY","const key = apiKey ?? process.env.CLAUDE_API_KEY ?? process.env.ANTHROPIC_API_KEY;"
"genesis-forge\src\genesis\engines\provider_claude.ts","134","CLAUDE_API_KEY","""Claude API key not found. Set CLAUDE_API_KEY or ANTHROPIC_API_KEY environment variable."","
"genesis-forge\src\genesis\engines\provider_gemini.ts","133","GEMINI_API_KEY","const key = apiKey ?? process.env.GEMINI_API_KEY;"
"genesis-forge\src\genesis\engines\provider_gemini.ts","137","GEMINI_API_KEY","""Gemini API key not found. Set GEMINI_API_KEY environment variable."","
"genesis-forge\tests\provider_claude.test.js","44","CLAUDE_API_KEY","process.env.CLAUDE_API_KEY = TEST_API_KEY;"
"genesis-forge\tests\provider_claude.test.js","47","CLAUDE_API_KEY","delete process.env.CLAUDE_API_KEY;"
"genesis-forge\tests\provider_claude.test.js","48","ANTHROPIC_API_KEY","delete process.env.ANTHROPIC_API_KEY;"
"genesis-forge\tests\provider_claude.test.js","57","CLAUDE_API_KEY","delete process.env.CLAUDE_API_KEY;"
"genesis-forge\tests\provider_claude.test.js","69","CLAUDE_API_KEY","delete process.env.CLAUDE_API_KEY;"
"genesis-forge\tests\provider_claude.test.js","70","ANTHROPIC_API_KEY","delete process.env.ANTHROPIC_API_KEY;"
"genesis-forge\tests\provider_claude.test.js","74","ANTHROPIC_API_KEY","it(""should accept ANTHROPIC_API_KEY env variable"", () => {"
"genesis-forge\tests\provider_claude.test.js","75","CLAUDE_API_KEY","delete process.env.CLAUDE_API_KEY;"
"genesis-forge\tests\provider_claude.test.js","76","ANTHROPIC_API_KEY","process.env.ANTHROPIC_API_KEY = ""anthropic-key"";"
"genesis-forge\tests\provider_claude.test.js","251","CLAUDE_API_KEY","process.env.CLAUDE_API_KEY = ""test-key"";"
"genesis-forge\tests\provider_claude.test.js","254","CLAUDE_API_KEY","delete process.env.CLAUDE_API_KEY;"
"genesis-forge\tests\provider_claude.test.js","261","CLAUDE_API_KEY","delete process.env.CLAUDE_API_KEY;"
"genesis-forge\tests\provider_claude.test.ts","53","CLAUDE_API_KEY","process.env.CLAUDE_API_KEY = TEST_API_KEY;"
"genesis-forge\tests\provider_claude.test.ts","57","CLAUDE_API_KEY","delete process.env.CLAUDE_API_KEY;"
"genesis-forge\tests\provider_claude.test.ts","58","ANTHROPIC_API_KEY","delete process.env.ANTHROPIC_API_KEY;"
"genesis-forge\tests\provider_claude.test.ts","69","CLAUDE_API_KEY","delete process.env.CLAUDE_API_KEY;"
"genesis-forge\tests\provider_claude.test.ts","84","CLAUDE_API_KEY","delete process.env.CLAUDE_API_KEY;"
"genesis-forge\tests\provider_claude.test.ts","85","ANTHROPIC_API_KEY","delete process.env.ANTHROPIC_API_KEY;"
"genesis-forge\tests\provider_claude.test.ts","91","ANTHROPIC_API_KEY","it(""should accept ANTHROPIC_API_KEY env variable"", () => {"
"genesis-forge\tests\provider_claude.test.ts","92","CLAUDE_API_KEY","delete process.env.CLAUDE_API_KEY;"
"genesis-forge\tests\provider_claude.test.ts","93","ANTHROPIC_API_KEY","process.env.ANTHROPIC_API_KEY = ""anthropic-key"";"
"genesis-forge\tests\provider_claude.test.ts","310","CLAUDE_API_KEY","process.env.CLAUDE_API_KEY = ""test-key"";"
"genesis-forge\tests\provider_claude.test.ts","314","CLAUDE_API_KEY","delete process.env.CLAUDE_API_KEY;"
"genesis-forge\tests\provider_claude.test.ts","323","CLAUDE_API_KEY","delete process.env.CLAUDE_API_KEY;"
"genesis-forge\tests\provider_factory.test.js","97","CLAUDE_API_KEY","delete process.env.CLAUDE_API_KEY;"
"genesis-forge\tests\provider_factory.test.js","98","ANTHROPIC_API_KEY","delete process.env.ANTHROPIC_API_KEY;"
"genesis-forge\tests\provider_factory.test.js","120","CLAUDE_API_KEY","process.env.CLAUDE_API_KEY = ""test-key"";"
"genesis-forge\tests\provider_factory.test.ts","121","CLAUDE_API_KEY","delete process.env.CLAUDE_API_KEY;"
"genesis-forge\tests\provider_factory.test.ts","122","ANTHROPIC_API_KEY","delete process.env.ANTHROPIC_API_KEY;"
"genesis-forge\tests\provider_factory.test.ts","149","CLAUDE_API_KEY","process.env.CLAUDE_API_KEY = ""test-key"";"
"genesis-forge\tests\provider_gemini.test.ts","57","GEMINI_API_KEY","process.env.GEMINI_API_KEY = TEST_API_KEY;"
"genesis-forge\tests\provider_gemini.test.ts","61","GEMINI_API_KEY","delete process.env.GEMINI_API_KEY;"
"genesis-forge\tests\provider_gemini.test.ts","72","GEMINI_API_KEY","delete process.env.GEMINI_API_KEY;"
"genesis-forge\tests\provider_gemini.test.ts","87","GEMINI_API_KEY","delete process.env.GEMINI_API_KEY;"
"genesis-forge\tests\provider_gemini.test.ts","405","GEMINI_API_KEY","process.env.GEMINI_API_KEY = ""test-key"";"
"genesis-forge\tests\provider_gemini.test.ts","409","GEMINI_API_KEY","delete process.env.GEMINI_API_KEY;"
"genesis-forge\tests\provider_gemini.test.ts","418","GEMINI_API_KEY","delete process.env.GEMINI_API_KEY;"
"OMEGA_MASTER_PLAN_v2.md","873","ghp_","| No secrets | 0 | PATCH4_AUDIT_LOG.md | `grep -rn ""AKIA\|sk-\|ghp_""` |"
"scripts\publish.sh","7","ghp_","echo ""Run: export GITHUB_TOKEN=ghp_your_token_here"""
